"","y_plot1","y_plot2","mean_pdf","std_pdf","bot25_pdf","top25_pdf"
"1",-2.75,-2.5,0.00206188458319914,0.00210971459407419,8.98689388977388e-05,0.00801893885614731
"2",-2.52083333333333,-2.5,0.00356160312742549,0.00301577689954784,0.000256243933584762,0.0115621136582386
"3",-2.29166666666667,-2.5,0.00562350093901038,0.00392342251130415,0.000682513075277453,0.0155317078995149
"4",-2.0625,-2.5,0.0080367990854513,0.00467814298035272,0.00127315963511913,0.0188619798536388
"5",-1.83333333333333,-2.5,0.0102974070154189,0.00521292921604691,0.00214491550228485,0.0219086573603017
"6",-1.60416666666667,-2.5,0.0117633332342631,0.00552536911215779,0.00292795151017099,0.023849586542701
"7",-1.375,-2.5,0.0119207040174,0.00558231110261592,0.00303590304011639,0.0249512178743614
"8",-1.14583333333333,-2.5,0.0107108895984493,0.005333897945095,0.00256232662501096,0.0228255751056213
"9",-0.916666666666667,-2.5,0.00855423137546179,0.00476628203410563,0.00174148874699767,0.019943499307062
"10",-0.6875,-2.5,0.0061146118361235,0.00392816882500621,0.000865893223212593,0.0157642597522906
"11",-0.458333333333333,-2.5,0.00395601310793059,0.00300520642400421,0.00040718379677058,0.0116550200157707
"12",-0.229166666666667,-2.5,0.00234068937630121,0.00213756824694073,0.000176755361984308,0.00789510749726144
"13",0,-2.5,0.0012883657451697,0.0013095922187499,7.09681494504242e-05,0.00489307762454101
"14",0.229166666666667,-2.5,0.000695465015623125,0.000838721680113811,2.89117444923232e-05,0.00282189577863139
"15",0.458333333333333,-2.5,0.000391436250555941,0.000566801757876954,9.79961675454195e-06,0.00187109078374778
"16",0.6875,-2.5,0.000245674052652532,0.000455436515673661,3.46541244988229e-06,0.00134231820100292
"17",0.916666666666667,-2.5,0.000174464471418468,0.000431673382762662,1.10471974744545e-06,0.00104145118455852
"18",1.14583333333333,-2.5,0.000132051494875177,0.000385590976707442,3.98395509722025e-07,0.000863089527610872
"19",1.375,-2.5,0.000102842586788023,0.000323409335476399,1.12812493786487e-07,0.00068178213117699
"20",1.60416666666667,-2.5,8.93990791818986e-05,0.000539767232296528,3.70126138547629e-08,0.000559768522555157
"21",1.83333333333333,-2.5,7.22154098982766e-05,0.000489569633630132,1.19762891688078e-08,0.000432663053671319
"22",2.0625,-2.5,5.09745837354341e-05,0.000299185205129934,3.10804621483299e-09,0.000318532471415454
"23",2.29166666666667,-2.5,3.79367321938177e-05,0.000138690945996311,8.99254808970125e-10,0.000252272490637105
"24",2.52083333333333,-2.5,3.19733961125812e-05,0.000124176450708806,4.79543288249418e-10,0.000226367855104261
"25",2.75,-2.5,2.4398930732316e-05,8.5438559960909e-05,1.68711975559695e-10,0.000185140391473938
"26",-2.75,-2.30208333333333,0.00245885233641138,0.00228049525028858,0.000144477861397927,0.00871846089134543
"27",-2.52083333333333,-2.30208333333333,0.00458263176893708,0.00347834878436273,0.000470211425535843,0.0133899860837441
"28",-2.29166666666667,-2.30208333333333,0.00780346860906487,0.00479316320131867,0.00129589739127551,0.0192897896543726
"29",-2.0625,-2.30208333333333,0.0120184172352756,0.00598404227809176,0.00270483738463522,0.0260710436214848
"30",-1.83333333333333,-2.30208333333333,0.0165634113824331,0.00684742328138645,0.0047370045495067,0.031584922267945
"31",-1.60416666666667,-2.30208333333333,0.0202879423904898,0.00739422361335134,0.0069942766776187,0.0361389267698309
"32",-1.375,-2.30208333333333,0.0219421403367125,0.00765362149505465,0.00852884084547968,0.0380519336196277
"33",-1.14583333333333,-2.30208333333333,0.0209109642714615,0.0075954711130434,0.00767207234685751,0.0372425760920424
"34",-0.916666666666667,-2.30208333333333,0.0175865271534671,0.0071445166597515,0.00602419226314355,0.0340492805592936
"35",-0.6875,-2.30208333333333,0.0131356118725339,0.00629207410283358,0.00341950001040395,0.0279365886855311
"36",-0.458333333333333,-2.30208333333333,0.00877700561564676,0.00506988199829862,0.00170940541330741,0.0211306377767511
"37",-0.229166666666667,-2.30208333333333,0.00528271051008792,0.00355422023020145,0.000680473716422981,0.0139989633483746
"38",0,-2.30208333333333,0.00293478045952254,0.00230645944912636,0.000280021137216656,0.00907185146453512
"39",0.229166666666667,-2.30208333333333,0.00155035382138656,0.00145111039758757,9.91385593415543e-05,0.00524776025373265
"40",0.458333333333333,-2.30208333333333,0.000814896329442617,0.000912419105294064,3.47158207951548e-05,0.00308573538197701
"41",0.6875,-2.30208333333333,0.000463849212571474,0.000702097585626603,1.14425734563734e-05,0.00243102920283425
"42",0.916666666666667,-2.30208333333333,0.000294190626513495,0.000619598371240413,3.80687974386422e-06,0.00159277748096393
"43",1.14583333333333,-2.30208333333333,0.000193748786216075,0.000472057176056234,1.2118319720478e-06,0.00123282178288277
"44",1.375,-2.30208333333333,0.000138734983781049,0.000372910003353166,3.66791080519796e-07,0.000941986823138131
"45",1.60416666666667,-2.30208333333333,0.000101603036116619,0.00030865793129829,1.08950207040677e-07,0.00076401843931981
"46",1.83333333333333,-2.30208333333333,7.94346380722518e-05,0.000402488228054869,4.07493856500386e-08,0.000505211993466862
"47",2.0625,-2.30208333333333,6.48891135653063e-05,0.000411712547026165,1.28792915209003e-08,0.000375115932712986
"48",2.29166666666667,-2.30208333333333,4.59889725305611e-05,0.000178294052787014,5.0981291350674e-09,0.000287462221277977
"49",2.52083333333333,-2.30208333333333,3.7653114604582e-05,0.000142998272989009,1.93484874343214e-09,0.000268005758209807
"50",2.75,-2.30208333333333,2.8267629091797e-05,9.17945844171765e-05,1.03789704808035e-09,0.000225444599928981
"51",-2.75,-2.10416666666667,0.0026367592008832,0.00226532806808546,0.000167101218542207,0.00860856431193819
"52",-2.52083333333333,-2.10416666666667,0.00528074157743067,0.00366331594787122,0.000642247781532332,0.0144085498289582
"53",-2.29166666666667,-2.10416666666667,0.00967812903629514,0.00533914782843937,0.0019484648689276,0.0216874603486516
"54",-2.0625,-2.10416666666667,0.0160665628626048,0.00703740968937874,0.00459968016024993,0.0311621055993047
"55",-1.83333333333333,-2.10416666666667,0.0238173127847692,0.00824987627489214,0.00912273313912676,0.0420475284894936
"56",-1.60416666666667,-2.10416666666667,0.0313570715592737,0.00912830000780733,0.0138668359417651,0.0507872533272034
"57",-1.375,-2.10416666666667,0.0363391353096983,0.00965689758390301,0.0182412115839077,0.0569405268383902
"58",-1.14583333333333,-2.10416666666667,0.0369316688998137,0.00979138803756934,0.018592697131475,0.0576379855551034
"59",-0.916666666666667,-2.10416666666667,0.0329261554021981,0.00954821857666814,0.0158089506368405,0.0532456276717079
"60",-0.6875,-2.10416666666667,0.0258556731114317,0.00887623426834677,0.0103841114811398,0.045193249032455
"61",-0.458333333333333,-2.10416666666667,0.0179950473774767,0.00755959350832226,0.00570675800300854,0.034631419135161
"62",-0.229166666666667,-2.10416666666667,0.0112303967455214,0.00580309017738108,0.00248464166334931,0.0243214568570241
"63",0,-2.10416666666667,0.00639746627305731,0.00403183201458222,0.000952855387267258,0.0158681323016875
"64",0.229166666666667,-2.10416666666667,0.00339696543311044,0.00257361924768341,0.000366598815108286,0.00929588399786326
"65",0.458333333333333,-2.10416666666667,0.00173675179777431,0.00156422534839752,0.000126748880122424,0.00551795289963478
"66",0.6875,-2.10416666666667,0.000910504303326254,0.00107296077991105,4.27439837716834e-05,0.00360021335246323
"67",0.916666666666667,-2.10416666666667,0.000513601865970825,0.000847636410306422,1.40612597584246e-05,0.0025884212366229
"68",1.14583333333333,-2.10416666666667,0.00031390340897334,0.000684849994089592,4.19037926679981e-06,0.00183328003831783
"69",1.375,-2.10416666666667,0.000200081088134579,0.000522248709793199,1.34810168902401e-06,0.00128656395420886
"70",1.60416666666667,-2.10416666666667,0.000127677514507316,0.00032392883904882,4.43255225056277e-07,0.00091122678120901
"71",1.83333333333333,-2.10416666666667,8.72545915922209e-05,0.000213739596153521,1.38093831105634e-07,0.000627366204372482
"72",2.0625,-2.10416666666667,6.77195593532524e-05,0.000256491458833376,5.18125521309336e-08,0.000452818042675709
"73",2.29166666666667,-2.10416666666667,6.55462326979452e-05,0.000480916048604843,1.85941552554923e-08,0.000347985753459392
"74",2.52083333333333,-2.10416666666667,4.3354252093347e-05,0.000192586011584186,9.55482225315171e-09,0.000285808104736714
"75",2.75,-2.10416666666667,3.24186722654635e-05,0.00010924853346696,5.98359239322938e-09,0.000232728401328936
"76",-2.75,-1.90625,0.0025421202818155,0.00209456557024095,0.000157077632453967,0.00782536435513049
"77",-2.52083333333333,-1.90625,0.00543793409509098,0.0035603222565191,0.000664852349425211,0.0139507383043531
"78",-2.29166666666667,-1.90625,0.0106820570574568,0.00545875379255297,0.00238972597611846,0.0227426510014943
"79",-2.0625,-1.90625,0.0190522822263632,0.00753177398352037,0.00644778271377173,0.034651847032046
"80",-1.83333333333333,-1.90625,0.0303760235305563,0.0091895220493192,0.0137876070261449,0.0495758025993525
"81",-1.60416666666667,-1.90625,0.0430290290318769,0.0106189616339385,0.0237755558086901,0.0661060745462823
"82",-1.375,-1.90625,0.0535944050885871,0.0118788959671545,0.0323741048656272,0.0793566674741016
"83",-1.14583333333333,-1.90625,0.0583468247317058,0.0125427163187224,0.0358681185178509,0.0855632776678161
"84",-0.916666666666667,-1.90625,0.0554143120682731,0.0122815700057286,0.0328861661129325,0.0809889165305409
"85",-0.6875,-1.90625,0.0460580197728962,0.0115401798071017,0.0250969332385015,0.0700460769689712
"86",-0.458333333333333,-1.90625,0.0337019484112459,0.0102414038012173,0.0152511320641693,0.0549749156793935
"87",-0.229166666666667,-1.90625,0.0219585271524464,0.00833852795775406,0.00766488035431032,0.0401262063256716
"88",0,-1.90625,0.0129169331561206,0.00610805975665698,0.00319526710784686,0.0265819188419263
"89",0.229166666666667,-1.90625,0.0069949659184917,0.00407971508692748,0.00119769781818817,0.0163576906484787
"90",0.458333333333333,-1.90625,0.00358723940752729,0.00259229038016204,0.000410731710025923,0.00961752189108186
"91",0.6875,-1.90625,0.00181380412343361,0.00173732863865455,0.000144940679684496,0.00599760450976534
"92",0.916666666666667,-1.90625,0.000933527525930731,0.00120415844895594,4.20426557112908e-05,0.00421623684401148
"93",1.14583333333333,-1.90625,0.000513387433184111,0.000926228773100183,1.33352902937982e-05,0.00262977877112396
"94",1.375,-1.90625,0.00030268731594588,0.000716449438703002,4.03568242083321e-06,0.00176951281012192
"95",1.60416666666667,-1.90625,0.000180872341152374,0.00053678978424888,1.49453128288784e-06,0.00110051954192914
"96",1.83333333333333,-1.90625,0.000117100070513455,0.000370876193147518,5.32495286439363e-07,0.000782032472886352
"97",2.0625,-1.90625,7.6114996466656e-05,0.000185070305687018,1.99532561141278e-07,0.000488385771777727
"98",2.29166666666667,-1.90625,6.13908993167058e-05,0.0002020631638906,8.89745859254736e-08,0.000371236066054204
"99",2.52083333333333,-1.90625,6.06164009280855e-05,0.000437223861263454,5.01372985198567e-08,0.00031315972025941
"100",2.75,-1.90625,3.90304594493547e-05,0.000146529122676495,2.59187146345403e-08,0.000256049020678963
"101",-2.75,-1.70833333333333,0.0022074394406418,0.00182161163866221,0.00012640486588938,0.00689503291978936
"102",-2.52083333333333,-1.70833333333333,0.00501332581439342,0.00324691236822336,0.000535184567431811,0.0127225162226847
"103",-2.29166666666667,-1.70833333333333,0.0104812046224798,0.00520056347377753,0.00221444109271546,0.0216983075674418
"104",-2.0625,-1.70833333333333,0.0199764397940446,0.00744892522780138,0.00688206699131271,0.0348205041484983
"105",-1.83333333333333,-1.70833333333333,0.0341874799774156,0.00956132050313728,0.016892163887085,0.0536626315666605
"106",-1.60416666666667,-1.70833333333333,0.0520505782103029,0.0116816336367442,0.0320229862924215,0.0768556529458274
"107",-1.375,-1.70833333333333,0.0697147331732983,0.0143286270791202,0.0452581135648808,0.102885533501347
"108",-1.14583333333333,-1.70833333333333,0.0814900947102679,0.0165623854428495,0.052721471272476,0.118808193765197
"109",-0.916666666666667,-1.70833333333333,0.0828578323774463,0.0168577277188461,0.0535235547657026,0.119974758559073
"110",-0.6875,-1.70833333333333,0.0733429526021511,0.0152973112030767,0.046031873740349,0.105633453518949
"111",-0.458333333333333,-1.70833333333333,0.056882426600041,0.013349823550683,0.0328001697370913,0.084544259813404
"112",-0.229166666666667,-1.70833333333333,0.0389940974459084,0.0112033549831903,0.0181243862621002,0.062857103338254
"113",0,-1.70833333333333,0.0239350393038197,0.00868292149739033,0.00816155316497182,0.0426169456500851
"114",0.229166666666667,-1.70833333333333,0.0133753225497284,0.00609809476774178,0.00347283202362072,0.0272745236855684
"115",0.458333333333333,-1.70833333333333,0.00696891922046401,0.00396440828638831,0.00123265424115144,0.0164414526881644
"116",0.6875,-1.70833333333333,0.0034867849950739,0.00257816089932957,0.000407227922212404,0.00990279326081888
"117",0.916666666666667,-1.70833333333333,0.00170559153469737,0.00165462055845232,0.000123948780823454,0.00636079022797065
"118",1.14583333333333,-1.70833333333333,0.00085899961143129,0.00116668445419739,3.84331328166318e-05,0.00381983068305271
"119",1.375,-1.70833333333333,0.00046568053968045,0.0010450515091351,1.23076302023583e-05,0.00244481592982983
"120",1.60416666666667,-1.70833333333333,0.000252058200777387,0.000598671904009863,4.77741937846544e-06,0.00141899204632281
"121",1.83333333333333,-1.70833333333333,0.000144845966465684,0.000282025516104889,1.97363383426627e-06,0.000902772423388652
"122",2.0625,-1.70833333333333,9.68239083765265e-05,0.000217153193077818,8.41924687306485e-07,0.00056592667815967
"123",2.29166666666667,-1.70833333333333,7.28905799492711e-05,0.000200245886996018,3.74045553930256e-07,0.000485722330147015
"124",2.52083333333333,-1.70833333333333,5.89696062916424e-05,0.000207844346905241,1.84357667823562e-07,0.00035904401126943
"125",2.75,-1.70833333333333,5.23870093289231e-05,0.000287905341430589,9.99000708880276e-08,0.000298281566492981
"126",-2.75,-1.51041666666667,0.00173496621218924,0.00149844348141763,9.09731580341925e-05,0.00550736750177838
"127",-2.52083333333333,-1.51041666666667,0.00414394012656156,0.00280890133119101,0.000402636382695121,0.010965111319562
"128",-2.29166666666667,-1.51041666666667,0.00915948773172008,0.00468980087070421,0.00165138579543633,0.0197221843457213
"129",-2.0625,-1.51041666666667,0.0185488088814841,0.00704488213061321,0.00580404025010537,0.0335239769000843
"130",-1.83333333333333,-1.51041666666667,0.0339010592201518,0.00942812760705599,0.0163308140009795,0.0531253557381701
"131",-1.60416666666667,-1.51041666666667,0.0552754215769196,0.0120376275995269,0.0348397330086733,0.0815075780261478
"132",-1.375,-1.51041666666667,0.0794849390600987,0.0159849198420653,0.0531319801568949,0.114581466732966
"133",-1.14583333333333,-1.51041666666667,0.0998812601489037,0.0206774219043267,0.0650756088478354,0.147552362911983
"134",-0.916666666666667,-1.51041666666667,0.108994912027099,0.0229549637507547,0.0698923631447677,0.161369131518736
"135",-0.6875,-1.51041666666667,0.103263982364751,0.0213229008867613,0.0655847455981698,0.150268637287292
"136",-0.458333333333333,-1.51041666666667,0.0853126124760654,0.0176857520355264,0.0541521063585433,0.122439948621735
"137",-0.229166666666667,-1.51041666666667,0.061991060077293,0.0143215444592302,0.0352462225304616,0.0918027962633136
"138",0,-1.51041666666667,0.0400832496808952,0.0114107821147499,0.0180378779865642,0.0654962227697455
"139",0.229166666666667,-1.51041666666667,0.0233950109976478,0.00848171808739879,0.00813009668030675,0.0419853118995134
"140",0.458333333333333,-1.51041666666667,0.0126117490912023,0.00592586160595872,0.00305061833295891,0.0259816128069198
"141",0.6875,-1.51041666666667,0.00639237101187155,0.00398102907958073,0.00106121087138253,0.0161897480659436
"142",0.916666666666667,-1.51041666666667,0.0030866405248548,0.00249503120041546,0.000337132092974269,0.00945401098835708
"143",1.14583333333333,-1.51041666666667,0.00146277209296267,0.00148371326568168,0.000103541033431222,0.00534775857506734
"144",1.375,-1.51041666666667,0.000729917156428946,0.00112154442378448,3.79352730798491e-05,0.00311950027873788
"145",1.60416666666667,-1.51041666666667,0.000402111402249164,0.00118662389997366,1.50447148817401e-05,0.00188427128917082
"146",1.83333333333333,-1.51041666666667,0.000220052001976736,0.00046047225132105,6.49521502775528e-06,0.00123769071315446
"147",2.0625,-1.51041666666667,0.000139694057700165,0.000271037640043895,2.67163784339334e-06,0.000845182687738916
"148",2.29166666666667,-1.51041666666667,9.9008634917633e-05,0.000216693507928739,1.31050565230356e-06,0.000551805369185639
"149",2.52083333333333,-1.51041666666667,7.39030338777503e-05,0.000176908789155499,6.67265285172203e-07,0.000428376760445615
"150",2.75,-1.51041666666667,6.17469361908664e-05,0.000239262907620612,3.20396974372292e-07,0.00033886026358504
"151",-2.75,-1.3125,0.00125033167504157,0.00117549311833977,5.56214566848711e-05,0.00438592421467042
"152",-2.52083333333333,-1.3125,0.00309096626682257,0.00227234758480922,0.000246001959605505,0.00876857049399089
"153",-2.29166666666667,-1.3125,0.00716597335561798,0.00401639133973569,0.00109805081610199,0.0165475919872324
"154",-2.0625,-1.3125,0.0153035811270878,0.00637887021983693,0.00413546010853538,0.0292433167941491
"155",-1.83333333333333,-1.3125,0.0296510208037498,0.00895524185880895,0.0124214670556431,0.048286372552245
"156",-1.60416666666667,-1.3125,0.0515267665698382,0.0117006195630433,0.0308888905608794,0.0765191912292185
"157",-1.375,-1.3125,0.0793148959239441,0.0158900990511132,0.0532113137491363,0.11364831316957
"158",-1.14583333333333,-1.3125,0.106958318994434,0.0221242323054931,0.0701728908235296,0.158849173886977
"159",-0.916666666666667,-1.3125,0.125389282163429,0.0271402373219101,0.080890341358487,0.18826675132469
"160",-0.6875,-1.3125,0.127550969964087,0.0273393754967138,0.081409887065688,0.188542226967572
"161",-0.458333333333333,-1.3125,0.112821646475399,0.0230796256657013,0.0728368425008888,0.163718483138295
"162",-0.229166666666667,-1.3125,0.0873928702362282,0.0179331444974636,0.0548536710190332,0.125905787680139
"163",0,-1.3125,0.0599379496976812,0.0140825735080713,0.0326055630814581,0.0894345575628184
"164",0.229166666666667,-1.3125,0.0369405937873357,0.0110413949031062,0.0164896477781142,0.0592345764057136
"165",0.458333333333333,-1.3125,0.0208319121879382,0.00829546975650706,0.00683268204342683,0.0381915108994134
"166",0.6875,-1.3125,0.0108851151575056,0.00580246622971398,0.00246638472279111,0.0240272741660326
"167",0.916666666666667,-1.3125,0.0053309515305202,0.00359120334741526,0.000823232734694811,0.0142467530573409
"168",1.14583333333333,-1.3125,0.00253439973581845,0.00212181250319759,0.000286356153764061,0.00775562695982531
"169",1.375,-1.3125,0.00124245834355309,0.00136094153770416,0.000103711979633749,0.00454986827150577
"170",1.60416666666667,-1.3125,0.000673144404907174,0.00139810352207774,4.23320940763712e-05,0.00262046312314067
"171",1.83333333333333,-1.3125,0.000389868529540497,0.000978313372308984,1.87320429867344e-05,0.00168804580818902
"172",2.0625,-1.3125,0.000243352725692823,0.000409458905227857,7.55382121392291e-06,0.00107487250239995
"173",2.29166666666667,-1.3125,0.000166726330464949,0.000269862639471102,3.60096159291295e-06,0.000784021592313879
"174",2.52083333333333,-1.3125,0.000118142531880949,0.000192789975427743,1.86369521015809e-06,0.000569735427527248
"175",2.75,-1.3125,9.06917063996568e-05,0.000231756610243448,8.34457798915097e-07,0.000446265579223674
"176",-2.75,-1.11458333333333,0.000842281701834168,0.000950673385918257,3.41698222585519e-05,0.00328099846693675
"177",-2.52083333333333,-1.11458333333333,0.0021096542502531,0.00176216309491903,0.000139020046494265,0.00667089505476057
"178",-2.29166666666667,-1.11458333333333,0.00505862984938678,0.0032471708668139,0.000617057530444355,0.0126096921866492
"179",-2.0625,-1.11458333333333,0.0112810313007022,0.00546272282359066,0.00243586708427664,0.0233060850536259
"180",-1.83333333333333,-1.11458333333333,0.0230165870929173,0.0081691408290875,0.00833860333658976,0.0402637817413894
"181",-1.60416666666667,-1.11458333333333,0.0423647320676621,0.0110134045059616,0.021959523344615,0.0649798307393616
"182",-1.375,-1.11458333333333,0.069430116485805,0.0145781005775856,0.0439000774878597,0.100419457559403
"183",-1.14583333333333,-1.11458333333333,0.100128081678224,0.0201869662546184,0.0652559210424686,0.144782397527081
"184",-0.916666666666667,-1.11458333333333,0.126019569792483,0.0265349533430082,0.0822403710669133,0.187321941353369
"185",-0.6875,-1.11458333333333,0.137778601680568,0.0293398941773282,0.0893642638856094,0.207087575882796
"186",-0.458333333333333,-1.11458333333333,0.130931673663152,0.0267169257863866,0.0851806041344897,0.192992240273342
"187",-0.229166666666667,-1.11458333333333,0.108702675017815,0.0213103372578374,0.0705430783411994,0.154501354099288
"188",0,-1.11458333333333,0.0796241428162718,0.0168110488785013,0.0485010996439517,0.113532555370892
"189",0.229166666666667,-1.11458333333333,0.0521688452388225,0.0136368805299008,0.0263236021363883,0.0804456292973487
"190",0.458333333333333,-1.11458333333333,0.0310888981827397,0.0110133339858927,0.0124217791265461,0.0540530004158778
"191",0.6875,-1.11458333333333,0.0170253691116173,0.00809663328030579,0.00493051197552681,0.0340517320028152
"192",0.916666666666667,-1.11458333333333,0.00872879406922137,0.00510379364212271,0.00177074669369345,0.0201562045332134
"193",1.14583333333333,-1.11458333333333,0.00436277205982333,0.00309576758257058,0.000722638717443376,0.011638594048458
"194",1.375,-1.11458333333333,0.00224013001633541,0.00192848638654879,0.00026965580749575,0.00721471058070428
"195",1.60416666666667,-1.11458333333333,0.00128387948158047,0.00217578096170987,0.000118129507171196,0.00430618338423323
"196",1.83333333333333,-1.11458333333333,0.000762228761624397,0.00105756557554301,5.63179426740298e-05,0.00281945087528492
"197",2.0625,-1.11458333333333,0.000505989219453774,0.000720776913851478,2.59202676155398e-05,0.00200143206661394
"198",2.29166666666667,-1.11458333333333,0.000345910985081484,0.000416219461552588,1.2796472164107e-05,0.00150468094512902
"199",2.52083333333333,-1.11458333333333,0.00024047701226594,0.000296604916540281,6.45083607145568e-06,0.00107973611157775
"200",2.75,-1.11458333333333,0.000172900494115614,0.000272996701237026,2.84822919921742e-06,0.000792045547975546
"201",-2.75,-0.916666666666667,0.000541845184238463,0.000750369675436177,1.85960850408332e-05,0.0023068522176135
"202",-2.52083333333333,-0.916666666666667,0.00133552093381125,0.00128589981432462,7.24801717758138e-05,0.00477442989189339
"203",-2.29166666666667,-0.916666666666667,0.00327751565984377,0.0025505425777039,0.000299512363417003,0.00930654783698236
"204",-2.0625,-0.916666666666667,0.00752243456383156,0.00437012355747473,0.00122439079446048,0.0174597392724864
"205",-1.83333333333333,-0.916666666666667,0.0160250944611385,0.00701476241421014,0.00454143843186908,0.0312205734148708
"206",-1.60416666666667,-0.916666666666667,0.0309960604601815,0.0100493744144504,0.0129591446365255,0.0521793397989452
"207",-1.375,-0.916666666666667,0.0537349630865093,0.0132395635411864,0.0298012673237258,0.0806106319897131
"208",-1.14583333333333,-0.916666666666667,0.0825197291374126,0.017248904279421,0.0519399879998804,0.120603017012841
"209",-0.916666666666667,-0.916666666666667,0.111174455663845,0.0224688665989865,0.0729606699453484,0.160238951426819
"210",-0.6875,-0.916666666666667,0.130607210569723,0.0264294424740215,0.0869559076279398,0.188372171356493
"211",-0.458333333333333,-0.916666666666667,0.133583565616409,0.0262425935812002,0.0899111994013657,0.191483568636119
"212",-0.229166666666667,-0.916666666666667,0.119413833074569,0.0229135059861148,0.0801833031947566,0.17044876589906
"213",0,-0.916666666666667,0.0940855653835153,0.0196168871964521,0.0595942710436837,0.137467669032925
"214",0.229166666666667,-0.916666666666667,0.0661005696346608,0.016988868706734,0.0371448222035482,0.10376383682558
"215",0.458333333333333,-0.916666666666667,0.0421153084862544,0.0143874635263128,0.0187845248740489,0.0746048031900412
"216",0.6875,-0.916666666666667,0.0247110060721887,0.0109314926717949,0.0087348370820029,0.0487993744393605
"217",0.916666666666667,-0.916666666666667,0.0137067222660239,0.00730763216613088,0.00363175731542607,0.0307279845829428
"218",1.14583333333333,-0.916666666666667,0.00751489178431054,0.00458634053098405,0.00153396202458122,0.0186552109607481
"219",1.375,-0.916666666666667,0.00426866779819535,0.0029181977257122,0.000713304200536804,0.0111832035569437
"220",1.60416666666667,-0.916666666666667,0.00266579990478286,0.00305077052024114,0.000369840863315237,0.00747667672802922
"221",1.83333333333333,-0.916666666666667,0.00170992527377922,0.00140262349630222,0.000181265108357656,0.0055173929799219
"222",2.0625,-0.916666666666667,0.00118608681647264,0.00118608889721017,9.15596112937473e-05,0.00407005494627732
"223",2.29166666666667,-0.916666666666667,0.000817668459589522,0.000817921571907514,4.0520414697637e-05,0.00303356792736433
"224",2.52083333333333,-0.916666666666667,0.000561449568034566,0.000595899125474659,1.96960686706062e-05,0.00223453320619188
"225",2.75,-0.916666666666667,0.000381157109154198,0.000466923709973509,8.73473472602974e-06,0.00161008392092247
"226",-2.75,-0.71875,0.000339935425958743,0.000517989872827826,9.739042570273e-06,0.00150494794836502
"227",-2.52083333333333,-0.71875,0.000810559433049839,0.000914658652496796,3.58989198599493e-05,0.00324118620959648
"228",-2.29166666666667,-0.71875,0.00197527853421204,0.00175323451604467,0.000141203460728628,0.00661154115668906
"229",-2.0625,-0.71875,0.00463294512752576,0.0032443753304465,0.000579815271938358,0.0124784816730069
"230",-1.83333333333333,-0.71875,0.0101943364240611,0.00559495605448026,0.00212455592995689,0.0228864181377679
"231",-1.60416666666667,-0.71875,0.0205119026999568,0.00857377327509506,0.00643405659770333,0.0390490592064811
"232",-1.375,-0.71875,0.0373543406561433,0.0118738202090361,0.0167200420847233,0.0622657659167222
"233",-1.14583333333333,-0.71875,0.0608283384126907,0.0153546293673561,0.0334955056106014,0.094096742091328
"234",-0.916666666666667,-0.71875,0.0873643643988163,0.0189357806726966,0.0537919344719702,0.128269380207143
"235",-0.6875,-0.71875,0.110098274227048,0.0219417012903659,0.0731784190119695,0.15689801003547
"236",-0.458333333333333,-0.71875,0.121358638501675,0.0232493932372158,0.0818719898025407,0.172368133672939
"237",-0.229166666666667,-0.71875,0.117284934022721,0.0229905674712033,0.0791894073830876,0.168588873940988
"238",0,-0.71875,0.100043923877592,0.0222086640292177,0.0643142889004278,0.153504619523251
"239",0.229166666666667,-0.71875,0.0762106745771032,0.0209475495587088,0.0444286567199633,0.129230414031928
"240",0.458333333333333,-0.71875,0.0528428200367206,0.0185450010298084,0.0253576952034448,0.0997141890698268
"241",0.6875,-0.71875,0.0340864236689598,0.0144393827581149,0.013599669461596,0.0703845573120436
"242",0.916666666666667,-0.71875,0.0211808790562003,0.0102350492054156,0.00698813309029579,0.0477286602130322
"243",1.14583333333333,-0.71875,0.0132149667007359,0.00683471576740477,0.003560855913021,0.0302599966488715
"244",1.375,-0.71875,0.00852772039834724,0.00459909691759891,0.0019944482134293,0.0194269455913386
"245",1.60416666666667,-0.71875,0.00578663378999671,0.00373030454444807,0.00114574944066828,0.0135206990446364
"246",1.83333333333333,-0.71875,0.00399432524402613,0.00259074938042073,0.000587984638719418,0.0105278553793628
"247",2.0625,-0.71875,0.00279203044089134,0.00204513261115878,0.000284030128521998,0.00806779138572405
"248",2.29166666666667,-0.71875,0.00193862969294187,0.00167308101982978,0.000126562077617902,0.00613430567672314
"249",2.52083333333333,-0.71875,0.00128952168896624,0.00117245510065815,5.21102755563763e-05,0.00443047059825553
"250",2.75,-0.71875,0.000842830084189986,0.000891015701997776,2.30798273722862e-05,0.00317935740329698
"251",-2.75,-0.520833333333333,0.000235548990320096,0.000549126707839935,6.14562064245298e-06,0.00111142682984715
"252",-2.52083333333333,-0.520833333333333,0.000500845625798781,0.000673301301113186,2.26867606256459e-05,0.00219548653149545
"253",-2.29166666666667,-0.520833333333333,0.00117029563590008,0.00119536051362371,7.7878835956244e-05,0.00448716915731471
"254",-2.0625,-0.520833333333333,0.00275265163030164,0.00230850081771568,0.00027659937625617,0.00889015444111962
"255",-1.83333333333333,-0.520833333333333,0.00614461744010587,0.00416057922905953,0.000972158425864207,0.0161122286494383
"256",-1.60416666666667,-0.520833333333333,0.0127156261537006,0.00669391004439159,0.00309888442394665,0.0283995653032675
"257",-1.375,-0.520833333333333,0.0241637341811723,0.00993365438312783,0.00829012805342742,0.0467047668641605
"258",-1.14583333333333,-0.520833333333333,0.0414477146326179,0.0135510664656167,0.0185554846253365,0.0718152198500293
"259",-0.916666666666667,-0.520833333333333,0.0632576723114998,0.0166632973153234,0.0341120067496735,0.10145228880949
"260",-0.6875,-0.520833333333333,0.0854721818404628,0.0192635310347256,0.052186965306573,0.127351787445404
"261",-0.458333333333333,-0.520833333333333,0.101711096520882,0.0211231497257843,0.0659050273454203,0.147326616104809
"262",-0.229166666666667,-0.520833333333333,0.10668505814661,0.0228298752806228,0.0685920584642367,0.158317697174173
"263",0,-0.520833333333333,0.0992198740242251,0.0240191043171905,0.0617797089029935,0.15498216729547
"264",0.229166666666667,-0.520833333333333,0.0830355950587843,0.0240137060326906,0.0480971806665649,0.144020229981389
"265",0.458333333333333,-0.520833333333333,0.064027732461826,0.0221962135410877,0.0330180666101666,0.123508204075391
"266",0.6875,-0.520833333333333,0.0467447209445717,0.0182951412864279,0.0212198350379133,0.0965132647409881
"267",0.916666666666667,-0.520833333333333,0.0333875043877993,0.0138847720041111,0.0135232806671878,0.0693704150676755
"268",1.14583333333333,-0.520833333333333,0.0238986227114797,0.0100359343570148,0.00880776539156371,0.0475210277736367
"269",1.375,-0.520833333333333,0.0172580494211344,0.0073096264945945,0.00571909583861172,0.032959701618837
"270",1.60416666666667,-0.520833333333333,0.0125024960243765,0.00572028586317342,0.00346235823415569,0.0251434243954385
"271",1.83333333333333,-0.520833333333333,0.00895467575887919,0.00464066610585083,0.00206643775811778,0.0197841947068536
"272",2.0625,-0.520833333333333,0.00625075085655296,0.00371841426572873,0.000976214033553247,0.0149825405876172
"273",2.29166666666667,-0.520833333333333,0.00422809427561026,0.00289016025170394,0.000390714426375902,0.0115316616089364
"274",2.52083333333333,-0.520833333333333,0.00275048180864032,0.00214748229815897,0.000147191958923814,0.00849420406045907
"275",2.75,-0.520833333333333,0.00172307809418403,0.00157726896864532,5.81929530294949e-05,0.00576910889249722
"276",-2.75,-0.322916666666667,0.000177386497168473,0.000483887293661244,4.37986281964776e-06,0.000843477244707445
"277",-2.52083333333333,-0.322916666666667,0.000350867253030254,0.000543175414453851,1.75384617276041e-05,0.00147692998363407
"278",-2.29166666666667,-0.322916666666667,0.000763832463871672,0.000885486226355742,5.58710799209478e-05,0.0030755848857557
"279",-2.0625,-0.322916666666667,0.00173709800354793,0.00169823624178142,0.000170663098332813,0.00599850353419661
"280",-1.83333333333333,-0.322916666666667,0.00385170332541568,0.00308579252302666,0.000560822467990479,0.0111872033547401
"281",-1.60416666666667,-0.322916666666667,0.00806195043854263,0.00489265184161154,0.00170646002822567,0.0205226175428371
"282",-1.375,-0.322916666666667,0.0158205912729121,0.00771974826107696,0.0046346826207038,0.0340434586086433
"283",-1.14583333333333,-0.322916666666667,0.0283539605896615,0.0111003832000187,0.0108206440992352,0.0544534851702691
"284",-0.916666666666667,-0.322916666666667,0.0458459700437813,0.0146103883433578,0.0217292329131143,0.080732464309294
"285",-0.6875,-0.322916666666667,0.0663219928078806,0.0179114672560971,0.0356650549165122,0.105979813560847
"286",-0.458333333333333,-0.322916666666667,0.0850501685703997,0.0204833938494487,0.0495269967598557,0.128552747943125
"287",-0.229166666666667,-0.322916666666667,0.0968754238141694,0.0228629199726574,0.0588158194147108,0.149043405815814
"288",0,-0.322916666666667,0.0986620791855976,0.024517401970124,0.059485573406432,0.155599488552179
"289",0.229166666666667,-0.322916666666667,0.0915845179505801,0.025031306159549,0.0527871682474438,0.152128837170227
"290",0.458333333333333,-0.322916666666667,0.079557116035298,0.0237593175499524,0.0441714045084886,0.141243280368762
"291",0.6875,-0.322916666666667,0.0663550436954508,0.0209305933071319,0.0342984561050409,0.122274513833821
"292",0.916666666666667,-0.322916666666667,0.0540196983735596,0.017051289566513,0.0270734047014835,0.0977854663812495
"293",1.14583333333333,-0.322916666666667,0.0430910121226843,0.013253409207935,0.0211645748331746,0.073234554024406
"294",1.375,-0.322916666666667,0.033486630876518,0.0104183459068184,0.0157170433197655,0.0555195575627491
"295",1.60416666666667,-0.322916666666667,0.0251466571391101,0.00855461849875224,0.0103153958434926,0.0432246788055378
"296",1.83333333333333,-0.322916666666667,0.0181364415329977,0.00723671329273544,0.00594959284926662,0.0339483891809497
"297",2.0625,-0.322916666666667,0.0125059527878122,0.00595068669316001,0.00287007681406384,0.0259980359931938
"298",2.29166666666667,-0.322916666666667,0.00824123550252038,0.00467177906322213,0.00122566687270931,0.0192417612527793
"299",2.52083333333333,-0.322916666666667,0.00518499145983745,0.00345532023022085,0.000442957782158528,0.0133747768659998
"300",2.75,-0.322916666666667,0.00313027264846959,0.00249989771407148,0.000160905487931487,0.00933706192533281
"301",-2.75,-0.125,0.000171099677017063,0.00058357855212787,3.89690459339026e-06,0.00077648745664145
"302",-2.52083333333333,-0.125,0.000348525821906237,0.00117632957942503,1.36956253033124e-05,0.00130863101148397
"303",-2.29166666666667,-0.125,0.000656806068611242,0.00085304763731357,4.4216102410436e-05,0.00241158208447119
"304",-2.0625,-0.125,0.00141211045130175,0.00152624800032873,0.000133687430381022,0.00459928721271069
"305",-1.83333333333333,-0.125,0.00303406484403805,0.00260411917965789,0.000413448081985769,0.00875351818107919
"306",-1.60416666666667,-0.125,0.0062587958679468,0.0037390396753418,0.0013362913104342,0.0157419737833512
"307",-1.375,-0.125,0.0124663806332663,0.0062789575910168,0.00358838156736128,0.0274680307943538
"308",-1.14583333333333,-0.125,0.0229620809835671,0.00932469743463086,0.00877492779973972,0.0441277549689498
"309",-0.916666666666667,-0.125,0.0388245572756722,0.0132795739851363,0.0177165079385767,0.0694486991645137
"310",-0.6875,-0.125,0.0593075019509187,0.0179560309797248,0.0302962392610546,0.101636967347427
"311",-0.458333333333333,-0.125,0.0806348200472389,0.0215116937572426,0.045386667324445,0.132187710347612
"312",-0.229166666666667,-0.125,0.0979137489587413,0.0233712621206634,0.0588899515658319,0.149680532815369
"313",0,-0.125,0.10772865062301,0.0241553348743014,0.0677600044905833,0.161829381007962
"314",0.229166666666667,-0.125,0.109544467363267,0.0239828305925925,0.0699999083412508,0.163589886158619
"315",0.458333333333333,-0.125,0.105406154845001,0.0230774047984287,0.0670543208520411,0.15839051132228
"316",0.6875,-0.125,0.0973781744118376,0.0211865660076389,0.0625898796872705,0.147813293852888
"317",0.916666666666667,-0.125,0.0865260330650595,0.0184966408608313,0.0552362060555005,0.129183724350298
"318",1.14583333333333,-0.125,0.0734837710108205,0.0156863944730691,0.0460048434893202,0.1087766114374
"319",1.375,-0.125,0.0591741121260169,0.0131803517192832,0.0352350704888292,0.0863743061387086
"320",1.60416666666667,-0.125,0.0449501738031596,0.0112460237178679,0.0242939755456093,0.0688285808880566
"321",1.83333333333333,-0.125,0.0322001960342756,0.00983007475000726,0.0143266463287739,0.0525338284182673
"322",2.0625,-0.125,0.0217735134435021,0.00825015887561993,0.00731002866892535,0.0393764852931537
"323",2.29166666666667,-0.125,0.0139447625202981,0.00656129866185301,0.00326106041034613,0.0278074617274503
"324",2.52083333333333,-0.125,0.00848216004089783,0.00486137400391247,0.00119603534130552,0.019401625944563
"325",2.75,-0.125,0.00494063944459526,0.00349696078517582,0.000394798656851453,0.0130057073444971
"326",-2.75,0.0729166666666665,0.000212359085907376,0.000885505761026045,4.47409050507849e-06,0.00085038851982844
"327",-2.52083333333333,0.0729166666666665,0.000393367051477669,0.000563712519864998,1.24633783544446e-05,0.00160121074722209
"328",-2.29166666666667,0.0729166666666665,0.000797939146552426,0.000877967379092879,4.08528991446384e-05,0.00288033967345283
"329",-2.0625,0.0729166666666665,0.00167621482304014,0.00181499600566423,0.00014099921909811,0.00516961115959433
"330",-1.83333333333333,0.0729166666666665,0.00345686145664398,0.00275454227099974,0.000433223762664055,0.00932256945910404
"331",-1.60416666666667,0.0729166666666665,0.0069402608303373,0.00387822423054939,0.00140861330932671,0.0159247807340746
"332",-1.375,0.0729166666666665,0.0136022344821334,0.00619519006802675,0.00418166172350027,0.0282507983224039
"333",-1.14583333333333,0.0729166666666665,0.0251179429766977,0.00945989168779933,0.0103383991520735,0.0472907003976473
"334",-0.916666666666667,0.0729166666666665,0.0429808813976042,0.0139770389476385,0.0216256856260524,0.0761268563210163
"335",-0.6875,0.0729166666666665,0.066908154047578,0.0200218182461491,0.0363910938190978,0.114428064569683
"336",-0.458333333333333,0.0729166666666665,0.0929610166998111,0.0240900398036302,0.0556681047823189,0.150707886699495
"337",-0.229166666666667,0.0729166666666665,0.115987883986905,0.0243327114466875,0.0771206014076952,0.170578977860234
"338",0,0.0729166666666665,0.132516094251865,0.0231603928692434,0.093946674788557,0.184789858365882
"339",0.229166666666667,0.0729166666666665,0.141718612656169,0.0225903441654271,0.101405952463535,0.19095837280228
"340",0.458333333333333,0.0729166666666665,0.144107518892549,0.0220112565798883,0.103782643901421,0.191287983979193
"341",0.6875,0.0729166666666665,0.139952522761396,0.0207710443632812,0.104400514772265,0.187590247328592
"342",0.916666666666667,0.0729166666666665,0.129190001583857,0.0196972693952566,0.0961953769958071,0.174502369341341
"343",1.14583333333333,0.0729166666666665,0.112376711890829,0.0186939373901713,0.0820837675436421,0.157474671576831
"344",1.375,0.0729166666666665,0.0914178402975051,0.0167104285850119,0.0642290905521869,0.125821604133109
"345",1.60416666666667,0.0729166666666665,0.0692882956295768,0.0140972424942919,0.0446413805162232,0.0988446492437147
"346",1.83333333333333,0.0729166666666665,0.0489838048642392,0.0119518605632585,0.0275417968444192,0.074208853654768
"347",2.0625,0.0729166666666665,0.0324051257825898,0.0100040421623816,0.014315330418453,0.0524915544339575
"348",2.29166666666667,0.0729166666666665,0.0201864095756859,0.00800686824747652,0.00645540866714575,0.0368255193870936
"349",2.52083333333333,0.0729166666666665,0.0118943441872013,0.00594817741742274,0.00261949812148868,0.0248236254850483
"350",2.75,0.0729166666666665,0.00668052700716133,0.00421213285237862,0.000894325453754351,0.0163177929313929
"351",-2.75,0.270833333333333,0.000289265393046224,0.000763393821352556,5.54488242931283e-06,0.00115516644282774
"352",-2.52083333333333,0.270833333333333,0.00058037580277481,0.00100220621146574,1.34081464057213e-05,0.00214052011732497
"353",-2.29166666666667,0.270833333333333,0.00121564752957126,0.0023206907963479,4.73130239521218e-05,0.0040583202471373
"354",-2.0625,0.270833333333333,0.00244576875890595,0.00230648149895952,0.00016163550684915,0.00739937984907766
"355",-1.83333333333333,0.270833333333333,0.00493856022641855,0.00350037853995344,0.000526309379977139,0.0129957159956127
"356",-1.60416666666667,0.270833333333333,0.00969578454118581,0.0051531882582137,0.00202872254397847,0.02145378954267
"357",-1.375,0.270833333333333,0.0184964554196862,0.00763914471430659,0.0058477610794244,0.0350640493966385
"358",-1.14583333333333,0.270833333333333,0.0335210467858249,0.0109338869124438,0.0151287244324629,0.0577146132745838
"359",-0.916666666666667,0.270833333333333,0.0564772922868048,0.0157410829010709,0.0304690699323122,0.0945290963319416
"360",-0.6875,0.270833333333333,0.0867938518010421,0.0226510414906779,0.0519730313049228,0.142092604986593
"361",-0.458333333333333,0.270833333333333,0.119485131882422,0.0268291284456489,0.0793380026655151,0.185526117232393
"362",-0.229166666666667,0.270833333333333,0.148329651285096,0.0253901020107077,0.106699587587795,0.208093943303676
"363",0,0.270833333333333,0.16973320541329,0.0236615177120603,0.128200253829101,0.221287123291673
"364",0.229166666666667,0.270833333333333,0.183004913769751,0.0252395978942907,0.134600108862278,0.234424140492462
"365",0.458333333333333,0.270833333333333,0.188051235890603,0.0266785201092083,0.135382875864176,0.242763918877683
"366",0.6875,0.270833333333333,0.184031324097639,0.025707686100679,0.134615659799313,0.238849920319907
"367",0.916666666666667,0.270833333333333,0.170524719141518,0.0246744252030258,0.126614921549028,0.222730543849771
"368",1.14583333333333,0.270833333333333,0.148228997268941,0.0239219428995683,0.109607996622704,0.206314324257509
"369",1.375,0.270833333333333,0.120007111509316,0.0216096398360493,0.0874513481469691,0.173743318451334
"370",1.60416666666667,0.270833333333333,0.0901363546936359,0.0176837571422518,0.0615638546023272,0.133434206979809
"371",1.83333333333333,0.270833333333333,0.0628006336204536,0.0139396626902253,0.0384735500405879,0.0947586658138839
"372",2.0625,0.270833333333333,0.0407459869565403,0.0110961091990135,0.021257590242601,0.0635800656562812
"373",2.29166666666667,0.270833333333333,0.0247710335632842,0.00867544859047627,0.0100661659993499,0.0425562989092978
"374",2.52083333333333,0.270833333333333,0.014190341148444,0.00639059123571401,0.00418298521120994,0.0285982833257487
"375",2.75,0.270833333333333,0.00772348892810417,0.00445790971343505,0.00151172981762885,0.0182131288622344
"376",-2.75,0.46875,0.000403891979017278,0.000565264805711933,5.98562194135347e-06,0.00167711263511183
"377",-2.52083333333333,0.46875,0.000852102653536216,0.00139225474030786,1.62807951642562e-05,0.00316496181731651
"378",-2.29166666666667,0.46875,0.00174886811822929,0.00166613198662844,5.81177048655292e-05,0.00573001071304055
"379",-2.0625,0.46875,0.00357633532745535,0.00292253025555483,0.000197088970975714,0.0102048764079458
"380",-1.83333333333333,0.46875,0.00712019967649213,0.00458017429910197,0.000742305773574471,0.0173443336484365
"381",-1.60416666666667,0.46875,0.0137143704176857,0.00676814645541312,0.00289213410580024,0.0280499949863903
"382",-1.375,0.46875,0.025515777083751,0.00936463072400423,0.00896038009924275,0.0448807639538826
"383",-1.14583333333333,0.46875,0.0451074961149853,0.0122100486426962,0.0225207142091608,0.0700280105212984
"384",-0.916666666666667,0.46875,0.0741767493675345,0.0169646504293824,0.0460382322965752,0.113787978442365
"385",-0.6875,0.46875,0.111080164364201,0.0247480055279836,0.0742658965606,0.173176506495413
"386",-0.458333333333333,0.46875,0.149368257596933,0.0293981709440728,0.106878259422057,0.222961973956575
"387",-0.229166666666667,0.46875,0.181618500445312,0.0278440814327123,0.136722211340514,0.246140099743587
"388",0,0.46875,0.204126081877584,0.0283050864100001,0.154128108623247,0.262248549384686
"389",0.229166666666667,0.46875,0.216646446903166,0.0339265792597545,0.151089978726799,0.284536995996967
"390",0.458333333333333,0.46875,0.219176419289713,0.0373268377878851,0.144429481712429,0.293673186369681
"391",0.6875,0.46875,0.211086042542679,0.0353976291123212,0.138788104860265,0.280541766922674
"392",0.916666666666667,0.46875,0.192462677879426,0.0309626103029116,0.128937897170553,0.25473218370893
"393",1.14583333333333,0.46875,0.164827514633483,0.0271876806055445,0.112827486068309,0.226747323472437
"394",1.375,0.46875,0.131672155541588,0.02374423977145,0.0919191870337742,0.189876754756721
"395",1.60416666666667,0.46875,0.0976206890070223,0.0194601114639481,0.0658377965054571,0.147346597494066
"396",1.83333333333333,0.46875,0.0671313018635121,0.0151586933707427,0.0420015980714857,0.103509727016249
"397",2.0625,0.46875,0.0429053925909286,0.0116361593137188,0.0228574540746919,0.0686422865538576
"398",2.29166666666667,0.46875,0.0256099059576175,0.00872449899555471,0.0111587119356479,0.0443193724613083
"399",2.52083333333333,0.46875,0.0143654866318095,0.00623243592812722,0.0045030407596829,0.0281114724572255
"400",2.75,0.46875,0.00762816261442408,0.00421400480421676,0.00164988071852911,0.0174978013805022
"401",-2.75,0.666666666666667,0.000542875716956852,0.000656565410928277,6.64016135029566e-06,0.00226853481449051
"402",-2.52083333333333,0.666666666666667,0.0011407240438226,0.00125528197307093,2.09446523396258e-05,0.00416051628087454
"403",-2.29166666666667,0.666666666666667,0.00238252365867992,0.0023889738612685,6.63789848680344e-05,0.00747642242622234
"404",-2.0625,0.666666666666667,0.00481762067664803,0.00420981058523344,0.000217436695781009,0.0130245435155957
"405",-1.83333333333333,0.666666666666667,0.00929913007966434,0.00558894424657132,0.000951612547644271,0.0215766690136331
"406",-1.60416666666667,0.666666666666667,0.0176218882827551,0.00846019673742423,0.00377126681702296,0.0343930138054888
"407",-1.375,0.666666666666667,0.031883767465123,0.0106084970423165,0.012639797108315,0.0532094090374449
"408",-1.14583333333333,0.666666666666667,0.0548381859265692,0.0127553111047868,0.0305506695159877,0.0800911914356296
"409",-0.916666666666667,0.666666666666667,0.0876901770389437,0.0172908626464946,0.0587591042535359,0.127872056585754
"410",-0.6875,0.666666666666667,0.127492103007101,0.0258433328847435,0.0904193562923442,0.193705546307168
"411",-0.458333333333333,0.666666666666667,0.166644521320117,0.0312148741326978,0.122579518439071,0.247389110304288
"412",-0.229166666666667,0.666666666666667,0.197213396901733,0.0307332321031899,0.14702894891825,0.263573551028127
"413",0,0.666666666666667,0.215894081658214,0.0329973032018982,0.155134048612448,0.284432122640791
"414",0.229166666666667,0.666666666666667,0.223142099868959,0.0398853482944111,0.146810623217775,0.300313435186546
"415",0.458333333333333,0.666666666666667,0.219602638522048,0.0433025544979354,0.133841796186311,0.301924377413167
"416",0.6875,0.666666666666667,0.20576722725383,0.0399720341663909,0.121465715735675,0.27863691167633
"417",0.916666666666667,0.666666666666667,0.182765887729794,0.0325244514544681,0.109867686402255,0.244736283130584
"418",1.14583333333333,0.666666666666667,0.152990891192921,0.0254456899595945,0.0961523043000378,0.203109718224281
"419",1.375,0.666666666666667,0.119925255076862,0.0208188271857517,0.0810157452735464,0.165649694322749
"420",1.60416666666667,0.666666666666667,0.0876348259907169,0.0175137173394719,0.0591869977907949,0.130123384494456
"421",1.83333333333333,0.666666666666667,0.0595759998610865,0.0143361448909786,0.035716341939662,0.0939310144085037
"422",2.0625,0.666666666666667,0.0376932647374998,0.0111811797432019,0.0190928172191372,0.0632936118062186
"423",2.29166666666667,0.666666666666667,0.0222687718958061,0.00825509685917886,0.0089474099177834,0.0400074078284162
"424",2.52083333333333,0.666666666666667,0.0123509343412325,0.0057263871188391,0.00361426844526104,0.0253968247010541
"425",2.75,0.666666666666667,0.006463066745008,0.00371668961369963,0.00136466170226538,0.0153816921946918
"426",-2.75,0.864583333333333,0.000656193510337819,0.00075192863456805,6.6300879094305e-06,0.00264956911792305
"427",-2.52083333333333,0.864583333333333,0.00136839386839041,0.00134927103693867,1.90678478590025e-05,0.00491222097479215
"428",-2.29166666666667,0.864583333333333,0.00281849473986971,0.00261686670054342,6.58494130459204e-05,0.00854138154994438
"429",-2.0625,0.864583333333333,0.00556282158400538,0.00410722779960031,0.000251678635241446,0.0148225682643198
"430",-1.83333333333333,0.864583333333333,0.0105758312708743,0.00617416664791632,0.00108508619070254,0.0240974277101219
"431",-1.60416666666667,0.864583333333333,0.0195190302283796,0.00876563824303963,0.00413980234538161,0.0377982390341139
"432",-1.375,0.864583333333333,0.0345442220213369,0.0111948939241971,0.0138627955296081,0.0570120446553053
"433",-1.14583333333333,0.864583333333333,0.0576671514791553,0.0127763118078684,0.0347596469849059,0.082934656569401
"434",-0.916666666666667,0.864583333333333,0.0893680126373179,0.0169996822620729,0.0611426493176283,0.128365204319829
"435",-0.6875,0.864583333333333,0.125877547891824,0.0250685904893114,0.0897710792251344,0.193176825147806
"436",-0.458333333333333,0.864583333333333,0.159535046264703,0.030058192635671,0.116611859865888,0.238759477746505
"437",-0.229166666666667,0.864583333333333,0.183247040242176,0.0296981272387356,0.133146127376585,0.247180153081328
"438",0,0.864583333333333,0.19477242943109,0.0312305702749613,0.132845700121774,0.260369644136114
"439",0.229166666666667,0.864583333333333,0.195176966695431,0.0365517552378439,0.121273583316031,0.263378186696384
"440",0.458333333333333,0.864583333333333,0.185967475499849,0.0390212041089074,0.103703224367492,0.254570699156267
"441",0.6875,0.864583333333333,0.168728216049196,0.0356685284400421,0.0903834452276568,0.231469147638623
"442",0.916666666666667,0.864583333333333,0.145389831068033,0.0285281060511518,0.0776402029537779,0.194195438093916
"443",1.14583333333333,0.864583333333333,0.118456907855451,0.0212154496117756,0.0692149405828932,0.157758528233919
"444",1.375,0.864583333333333,0.0908807417793663,0.0165826396629211,0.0582390333808536,0.125100633589678
"445",1.60416666666667,0.864583333333333,0.0653929163805966,0.0141480247025239,0.0408765332621935,0.0982717763017377
"446",1.83333333333333,0.864583333333333,0.044022080223803,0.0120715426977525,0.0236212124345132,0.072421498447849
"447",2.0625,0.864583333333333,0.0277066100257705,0.00964714062639029,0.0120569235477673,0.0503050336717592
"448",2.29166666666667,0.864583333333333,0.0163321138465786,0.00714258394964168,0.00549945635295635,0.0333349617258022
"449",2.52083333333333,0.864583333333333,0.00905890700470372,0.00492447549225942,0.00221864763398595,0.0208337250242282
"450",2.75,0.864583333333333,0.00473746601169952,0.00314486896280023,0.0008101460613555,0.0124298120939861
"451",-2.75,1.0625,0.000698876170079228,0.000780624298914258,5.95974907547506e-06,0.00270973666887362
"452",-2.52083333333333,1.0625,0.00143329349530717,0.00141874327602458,1.75688282113127e-05,0.00495952854940866
"453",-2.29166666666667,1.0625,0.00286941497264654,0.00246113680431514,6.23776504424911e-05,0.00869945651493581
"454",-2.0625,1.0625,0.00557190815325977,0.00426167629813367,0.000243893604374076,0.0148026374040143
"455",-1.83333333333333,1.0625,0.0103441509799382,0.00620196926570982,0.00102063472390871,0.0232880543350293
"456",-1.60416666666667,1.0625,0.0185117846767762,0.00842156730970828,0.00386487681855946,0.0356760140872287
"457",-1.375,1.0625,0.031865575006646,0.0107626060963715,0.0123522320624105,0.0525463017351144
"458",-1.14583333333333,1.0625,0.0516321230837869,0.0126109892174769,0.0292864419315646,0.0763895099729984
"459",-0.916666666666667,1.0625,0.0773403435206768,0.0159868657914471,0.0498011741834066,0.11473303160537
"460",-0.6875,1.0625,0.105362251594037,0.0221272373248597,0.0721356821898191,0.162670365061156
"461",-0.458333333333333,1.0625,0.129252333153221,0.0254552458602135,0.0927712109746237,0.193315196622794
"462",-0.229166666666667,1.0625,0.143907426877726,0.024422643209032,0.102115442767236,0.199876344961648
"463",0,1.0625,0.148296186874905,0.0242376673716663,0.0967926739262695,0.194882439501838
"464",0.229166666666667,1.0625,0.143830380354058,0.0272300924143076,0.0830757433548033,0.191069624203772
"465",0.458333333333333,1.0625,0.13252203179786,0.028820781088322,0.067820729528161,0.178835695438255
"466",0.6875,1.0625,0.116338022958382,0.0267710601274482,0.0543345733180274,0.158703269485494
"467",0.916666666666667,1.0625,0.0971338665826968,0.0220416277271825,0.0452336776926144,0.133720684220433
"468",1.14583333333333,1.0625,0.0769995702996914,0.0169828719192777,0.0378439793700665,0.109066396220213
"469",1.375,1.0625,0.0577980312905805,0.0133359301990868,0.0312170784064063,0.0838978851096863
"470",1.60416666666667,1.0625,0.0409520579114953,0.0111631981711203,0.0204652392678061,0.0643229885420936
"471",1.83333333333333,1.0625,0.0273636772730101,0.00941575083823031,0.0115800692191521,0.0486126187083171
"472",2.0625,1.0625,0.017212808019576,0.00750748139699392,0.00573396471827192,0.0356108301160904
"473",2.29166666666667,1.0625,0.0102057129589404,0.00558106986599203,0.00251388308589085,0.0245581814246944
"474",2.52083333333333,1.0625,0.00573526372656835,0.00389656181522258,0.000985690660615342,0.0161517202993879
"475",2.75,1.0625,0.00304839036930815,0.0025240152685358,0.000363898041806742,0.0100075184377249
"476",-2.75,1.26041666666667,0.00064903624585579,0.000738677190392088,5.20299798848963e-06,0.00251518543942753
"477",-2.52083333333333,1.26041666666667,0.00129547440953657,0.00130614699716712,1.47571707572864e-05,0.00456433218265156
"478",-2.29166666666667,1.26041666666667,0.00251900054706114,0.00220710345877228,5.36901462901955e-05,0.00773526273595616
"479",-2.0625,1.26041666666667,0.00475509025263515,0.00363516235761241,0.000187947440317938,0.0127691966029523
"480",-1.83333333333333,1.26041666666667,0.00861185914380988,0.00542003599334335,0.00080681267614374,0.0203115180387208
"481",-1.60416666666667,1.26041666666667,0.0149414543324032,0.00715629053264941,0.00298518689320822,0.030584506074261
"482",-1.375,1.26041666666667,0.0249521450929486,0.00912274685333888,0.00889709518147321,0.0438026037316604
"483",-1.14583333333333,1.26041666666667,0.0392099188543683,0.0119376510895254,0.0192281256512654,0.0614870594083122
"484",-0.916666666666667,1.26041666666667,0.0566994546705357,0.0140937783529471,0.0318181988392579,0.0887054194618666
"485",-0.6875,1.26041666666667,0.0745798435295826,0.0180545508260065,0.046000256915506,0.117574188331429
"486",-0.458333333333333,1.26041666666667,0.0884640035360842,0.0197605970237301,0.0578627988256351,0.137255051335662
"487",-0.229166666666667,1.26041666666667,0.0954174074085945,0.0186136590376509,0.063094217511646,0.13827370526879
"488",0,1.26041666666667,0.0952861860489981,0.0176614095017173,0.0574302837302576,0.130861957619566
"489",0.229166666666667,1.26041666666667,0.0894545141843876,0.0186968814651317,0.0476462834344006,0.122697455211239
"490",0.458333333333333,1.26041666666667,0.0798229991182623,0.0194581738868698,0.0369255154038845,0.111927255151857
"491",0.6875,1.26041666666667,0.0678529650113159,0.0182738277785,0.0267118240450701,0.0983719345600338
"492",0.916666666666667,1.26041666666667,0.0549667393034413,0.0156079808262871,0.0204925539532589,0.0823587584079587
"493",1.14583333333333,1.26041666666667,0.0424321793844117,0.0125505475293378,0.0159498635104548,0.0658534096663829
"494",1.375,1.26041666666667,0.0312145594013231,0.0100146808032328,0.0119748907208609,0.0515757424421528
"495",1.60416666666667,1.26041666666667,0.0218351684327113,0.00810489356184568,0.00787474040878365,0.0391097622644457
"496",1.83333333333333,1.26041666666667,0.0145255056882301,0.00659835997904002,0.00428635254423626,0.0294604235424976
"497",2.0625,1.26041666666667,0.00919542707958844,0.0052506505860873,0.00210925972427355,0.0225089601295932
"498",2.29166666666667,1.26041666666667,0.00554316742724981,0.00397390824024473,0.000925142298275644,0.0166898087011979
"499",2.52083333333333,1.26041666666667,0.00320651090495531,0.00288689863907529,0.000369839936136557,0.0113350812128377
"500",2.75,1.26041666666667,0.00176275715654652,0.00194458139639596,0.000132132383557486,0.00766067666692489
"501",-2.75,1.45833333333333,0.000523331777809492,0.000625767577112718,4.15385569715091e-06,0.00209731023531744
"502",-2.52083333333333,1.45833333333333,0.00101094853851876,0.00105528899053573,1.22760760378327e-05,0.00383027130570465
"503",-2.29166666666667,1.45833333333333,0.00190084967744039,0.00173953495239389,3.8955508153796e-05,0.00638833767754951
"504",-2.0625,1.45833333333333,0.00347115676403862,0.00272237389490107,0.000145232716103384,0.0102627084635164
"505",-1.83333333333333,1.45833333333333,0.00612007990009006,0.00417333513238454,0.000532577079480268,0.0156083766467024
"506",-1.60416666666667,1.45833333333333,0.01030220933861,0.0053774317715425,0.00179357593753808,0.0223048118020885
"507",-1.375,1.45833333333333,0.0166429700597059,0.00692352793963469,0.00478574871297494,0.0317112303989004
"508",-1.14583333333333,1.45833333333333,0.025364477384543,0.00978799394851238,0.0098709759383198,0.0450490766902717
"509",-0.916666666666667,1.45833333333333,0.0354004900469867,0.0115071916026167,0.0157167740191311,0.0628549189718339
"510",-0.6875,1.45833333333333,0.0449070037834013,0.01383362567352,0.0220082721219049,0.0778794272278841
"511",-0.458333333333333,1.45833333333333,0.0514629260283176,0.0146479185455408,0.0269288452190562,0.086402991723296
"512",-0.229166666666667,1.45833333333333,0.0537785579129041,0.0139269350598761,0.029711265999938,0.0856397162170426
"513",0,1.45833333333333,0.0520705442631168,0.012992454299553,0.0276700196847435,0.0796891495401757
"514",0.229166666666667,1.45833333333333,0.0474443736266385,0.0129733336595231,0.0225055120573822,0.0729432319803318
"515",0.458333333333333,1.45833333333333,0.041062573251604,0.0128299605702531,0.016194394623204,0.0652984951301757
"516",0.6875,1.45833333333333,0.0338523622569651,0.011695133613545,0.011102753898998,0.0566078327491763
"517",0.916666666666667,1.45833333333333,0.0266573081996658,0.0100176500771118,0.00781719259635917,0.0468232071716191
"518",1.14583333333333,1.45833333333333,0.0201323977305714,0.00825598705027226,0.00536379131743212,0.0372061437759508
"519",1.375,1.45833333333333,0.0145587447644169,0.00651379939857386,0.00357008619454882,0.0288829319544218
"520",1.60416666666667,1.45833333333333,0.0100803284989541,0.0050523121044382,0.00234759214402646,0.0217874668697502
"521",1.83333333333333,1.45833333333333,0.00672085047794655,0.00406562367982482,0.00128925977247295,0.0166574544149978
"522",2.0625,1.45833333333333,0.00432774588659828,0.00331023005809753,0.000624427464120569,0.0133728494560447
"523",2.29166666666667,1.45833333333333,0.00270115811938576,0.00265383603706917,0.000271377145447729,0.0105166265409903
"524",2.52083333333333,1.45833333333333,0.00163337709813257,0.00204792567479057,0.000110167621579964,0.00731173660782409
"525",2.75,1.45833333333333,0.000951467014654383,0.00147548207303715,4.24882585886027e-05,0.00507359409303439
"526",-2.75,1.65625,0.0003687822969714,0.000470370169754517,2.68390433420762e-06,0.00166174824117715
"527",-2.52083333333333,1.65625,0.000682569652830699,0.00074690730340119,8.23172578844192e-06,0.00281275251399496
"528",-2.29166666666667,1.65625,0.0012383171237618,0.00119265882149744,2.88176292718739e-05,0.0043856747962635
"529",-2.0625,1.65625,0.00218854352000616,0.0018544251683097,8.48913166062658e-05,0.0069034941791169
"530",-1.83333333333333,1.65625,0.0037430241106804,0.00277989411778865,0.000286471944699912,0.0103979435320047
"531",-1.60416666666667,1.65625,0.00612814936701627,0.00370188653395642,0.000862575003709641,0.0151417803529521
"532",-1.375,1.65625,0.00957640491979635,0.00486761241520842,0.00209027822429399,0.020857995431342
"533",-1.14583333333333,1.65625,0.0141305182814539,0.00688597884145109,0.00397768271324945,0.0293746681412139
"534",-0.916666666666667,1.65625,0.0190499070689303,0.00845796968675372,0.00612442090460555,0.03965265979635
"535",-0.6875,1.65625,0.0232953438252938,0.0097289005451949,0.00814482119987234,0.0472444629959468
"536",-0.458333333333333,1.65625,0.0258017939086958,0.0100757011894619,0.00979787110305794,0.0504414842425027
"537",-0.229166666666667,1.65625,0.0261280784099775,0.0096280128537293,0.0106801139257562,0.048297733776217
"538",0,1.65625,0.0245989274794365,0.00933309388245953,0.0096912634704336,0.0438473000392649
"539",0.229166666666667,1.65625,0.0217670894765389,0.00869903498311174,0.00785282373885121,0.0391915407391726
"540",0.458333333333333,1.65625,0.0182686070805114,0.00765285504413101,0.00565861853072006,0.0350980127797334
"541",0.6875,1.65625,0.0146688501444321,0.00676747761303716,0.00362484072821661,0.0296689350828864
"542",0.916666666666667,1.65625,0.0112952485260378,0.00575112967557657,0.00243564467251049,0.0242121865585695
"543",1.14583333333333,1.65625,0.00836225683223102,0.00462851462163252,0.00156215678358271,0.0189860157146831
"544",1.375,1.65625,0.00597579058590078,0.00359246246395639,0.000932466454250962,0.0146460218231524
"545",1.60416666666667,1.65625,0.0041358270314608,0.00278557324602816,0.000570855619861153,0.0111427470618672
"546",1.83333333333333,1.65625,0.00280006468459475,0.00228982085948187,0.000303163456346373,0.00866153259913232
"547",2.0625,1.65625,0.00186707144831537,0.00202796120139822,0.000160993651376923,0.00725523818753365
"548",2.29166666666667,1.65625,0.00121766100307706,0.00163891382938317,7.16428500588625e-05,0.00638090404055523
"549",2.52083333333333,1.65625,0.000794298261411047,0.00140624319197499,2.74555965052223e-05,0.00450993415399639
"550",2.75,1.65625,0.000503316464376912,0.00109857730656832,1.15592828203658e-05,0.00335873129543936
"551",-2.75,1.85416666666667,0.000230222877510952,0.000320013091360107,1.62896282652609e-06,0.00104913718103637
"552",-2.52083333333333,1.85416666666667,0.000405505215173347,0.000475520599886722,4.09953811332975e-06,0.00171723972281241
"553",-2.29166666666667,1.85416666666667,0.000709710884242389,0.000747085518623689,1.4036944000836e-05,0.0027200377327192
"554",-2.0625,1.85416666666667,0.00121103330551891,0.00113824401792721,4.18774176152774e-05,0.00419352524266736
"555",-1.83333333333333,1.85416666666667,0.00200571834887496,0.00166998013476706,0.000126516616722503,0.00628801497804836
"556",-1.60416666666667,1.85416666666667,0.00320480178711248,0.00243606432852658,0.000342439750592545,0.00887959571630396
"557",-1.375,1.85416666666667,0.00485539498911978,0.00324675386825183,0.000745913945617261,0.0125387240048165
"558",-1.14583333333333,1.85416666666667,0.0069192589557474,0.00449453786195404,0.00127699022282828,0.0180807634088727
"559",-0.916666666666667,1.85416666666667,0.00901271090517954,0.00553065644272057,0.00191228845605663,0.0239098541558517
"560",-0.6875,1.85416666666667,0.0106237168692073,0.00617932274771,0.00247591458108789,0.0267666429210339
"561",-0.458333333333333,1.85416666666667,0.011362387923859,0.00627320575205097,0.00299396267999994,0.0262292568807294
"562",-0.229166666666667,1.85416666666667,0.0111686170315971,0.0060628067797222,0.00296558765106315,0.0252911629164052
"563",0,1.85416666666667,0.0102020502623236,0.00541299562752972,0.00268517711686367,0.0225820053402487
"564",0.229166666666667,1.85416666666667,0.00877411336190761,0.00471840374589341,0.00210991223718692,0.0194344924238787
"565",0.458333333333333,1.85416666666667,0.00719619525449654,0.00415626276308079,0.00148690040581263,0.0166015604722163
"566",0.6875,1.85416666666667,0.00567318046528547,0.00355806007493965,0.00100883615385508,0.0140666952556581
"567",0.916666666666667,1.85416666666667,0.00428461033911164,0.00290431070982923,0.000631483174649788,0.0114149583144366
"568",1.14583333333333,1.85416666666667,0.00313055583299504,0.00229616668043445,0.000389744211881764,0.00872165198621625
"569",1.375,1.85416666666667,0.00223487498894484,0.00180725870667048,0.000217033456118043,0.00684148327257605
"570",1.60416666666667,1.85416666666667,0.00158258650991986,0.00164701401059653,0.000131887228314452,0.00542796604462228
"571",1.83333333333333,1.85416666666667,0.00110689610454792,0.00160445263107816,7.39875687115748e-05,0.00429789450121471
"572",2.0625,1.85416666666667,0.000761800974849512,0.00105865249332633,3.64543148088516e-05,0.00375854778403938
"573",2.29166666666667,1.85416666666667,0.000535166904383535,0.000971381358867132,1.61168473427661e-05,0.00338065722455327
"574",2.52083333333333,1.85416666666667,0.000384743454921217,0.000921279686229265,6.7620115190656e-06,0.00248488724009739
"575",2.75,1.85416666666667,0.000270818486509647,0.00078163025367547,2.83453821009643e-06,0.00196647617901311
"576",-2.75,2.05208333333333,0.000131456164174094,0.000202969064178946,8.72957424913692e-07,0.000655805236149976
"577",-2.52083333333333,2.05208333333333,0.000219901994286655,0.000296164431013037,2.36212808385933e-06,0.000980284091008681
"578",-2.29166666666667,2.05208333333333,0.000368608124919322,0.000453588337461032,6.35234293300935e-06,0.00148600258472759
"579",-2.0625,2.05208333333333,0.000602037138210471,0.000650525485730573,1.80055503221501e-05,0.00239514843496706
"580",-1.83333333333333,2.05208333333333,0.000968690543269178,0.000970740706022644,5.2367439174996e-05,0.00336837167607624
"581",-1.60416666666667,2.05208333333333,0.00151506836408014,0.00155048249477839,0.000111508790893854,0.00508043941053155
"582",-1.375,2.05208333333333,0.00222855611527706,0.00208165106546747,0.000215379871336428,0.00729884896710128
"583",-1.14583333333333,2.05208333333333,0.00305948381738558,0.00273411201626551,0.000343883918322384,0.0100464183875043
"584",-0.916666666666667,2.05208333333333,0.00383903432648945,0.00322517709898784,0.000476425360173849,0.0130802887266938
"585",-0.6875,2.05208333333333,0.00435363783367341,0.00346510558746787,0.000632343999305278,0.0138639140073733
"586",-0.458333333333333,2.05208333333333,0.0044947528665095,0.00340222710915998,0.000715410903302272,0.0132398240808773
"587",-0.229166666666667,2.05208333333333,0.00428427139361671,0.00309975744974632,0.000704980468457668,0.0127075243585206
"588",0,2.05208333333333,0.00381141952110948,0.00269750271649405,0.000612707486708186,0.0105655141718045
"589",0.229166666666667,2.05208333333333,0.00321401497376667,0.00232861511069368,0.000487055325981303,0.00897280016307645
"590",0.458333333333333,2.05208333333333,0.00259318550938536,0.00198144104724655,0.000337297195679344,0.00729532624057552
"591",0.6875,2.05208333333333,0.00202006799377817,0.00166563303215806,0.000219036601738352,0.00610245932558873
"592",0.916666666666667,2.05208333333333,0.00151290588889437,0.00133214753821526,0.000145284216480811,0.00484741443874835
"593",1.14583333333333,2.05208333333333,0.00110923721497166,0.00106526185683005,8.55792379733528e-05,0.00385086525380154
"594",1.375,2.05208333333333,0.000828530472264984,0.00152511763227761,5.26061205285506e-05,0.00319651417621176
"595",1.60416666666667,2.05208333333333,0.000608840915202114,0.00165433892474009,2.92751224212191e-05,0.00243598524674244
"596",1.83333333333333,2.05208333333333,0.000423801034444914,0.000627563510653607,1.60692141503835e-05,0.00189670920522143
"597",2.0625,2.05208333333333,0.000314341275577126,0.000556334700373763,7.9114948318936e-06,0.0019032246603076
"598",2.29166666666667,2.05208333333333,0.000243692714512138,0.000562100426645959,3.94023610004535e-06,0.00177290410111333
"599",2.52083333333333,2.05208333333333,0.000192942237143203,0.000571483089619045,1.6329464567571e-06,0.00137517032093518
"600",2.75,2.05208333333333,0.000150637107838144,0.000522893657294857,7.1734945164734e-07,0.00112693944290069
"601",-2.75,2.25,7.31613706098463e-05,0.000131229194811682,4.99969894704706e-07,0.000386166658933815
"602",-2.52083333333333,2.25,0.000114316115911592,0.000179758771874045,1.1338769896021e-06,0.00057432800450114
"603",-2.29166666666667,2.25,0.00018070157028955,0.000253059892007398,2.44189149537193e-06,0.00086490368284166
"604",-2.0625,2.25,0.000284329086084045,0.000371728760431136,6.02305496583472e-06,0.00124868650257851
"605",-1.83333333333333,2.25,0.000440666032870316,0.000558325923288411,1.65674525379158e-05,0.00182909260900787
"606",-1.60416666666667,2.25,0.000671443937258633,0.000910623548066048,3.04221518807456e-05,0.00272547122678807
"607",-1.375,2.25,0.000963229820361399,0.00127770387481969,5.12060478582882e-05,0.00397993504226617
"608",-1.14583333333333,2.25,0.00126379753837942,0.00150648986555228,7.77123852200005e-05,0.00509782707478175
"609",-0.916666666666667,2.25,0.00152114677644738,0.00167982004979183,0.000103697868450892,0.00626828271566901
"610",-0.6875,2.25,0.0016592826247213,0.00173992169436745,0.000130689992512211,0.00654143719359201
"611",-0.458333333333333,2.25,0.0016580409971172,0.00165630159215597,0.000138756199569342,0.00657532025755345
"612",-0.229166666666667,2.25,0.00153943807514387,0.00146951992220757,0.000137748020604533,0.00571400872581268
"613",0,2.25,0.0013471716962377,0.00125371397540542,0.00011572994791874,0.00501752263223024
"614",0.229166666666667,2.25,0.00112658328304597,0.00106257838685753,9.49155072124946e-05,0.00403167575539119
"615",0.458333333333333,2.25,0.000907675477695832,0.000903595801173434,7.2025972150561e-05,0.00330859195115098
"616",0.6875,2.25,0.00070809848581137,0.000764986040730981,4.82935334247776e-05,0.00268183810776461
"617",0.916666666666667,2.25,0.00054019581286496,0.000638432967749968,3.08462945560809e-05,0.00220877548162365
"618",1.14583333333333,2.25,0.000437180536921059,0.00167491247355212,1.87598918981901e-05,0.00179730002251086
"619",1.375,2.25,0.000338505869479841,0.00177013410063203,1.07276932384709e-05,0.00136564685341781
"620",1.60416666666667,2.25,0.000234132481623147,0.000434707437112676,5.99201041950609e-06,0.00112734387654089
"621",1.83333333333333,2.25,0.000178050106420998,0.000331580049846136,3.59081784307305e-06,0.000982869952812925
"622",2.0625,2.25,0.0001434937311121,0.000306667330935581,2.11841745626711e-06,0.000909770257100636
"623",2.29166666666667,2.25,0.000121491106517102,0.000327474637474294,9.53461543682096e-07,0.000874593725572814
"624",2.52083333333333,2.25,0.000103323423845501,0.000337885423571918,4.48681017488036e-07,0.000763659242963934
"625",2.75,2.25,8.67617202987363e-05,0.00033024007832763,1.8516712131594e-07,0.000610732026838592
